id,category,text
1,ニュース,2023年11月、気象庁が記録的な大雨による河川の氾濫を予測し、避難指示を発令した。多くの住民が安全な場所に移動し、都市部では交通網が麻痺した。被害状況の詳細な調査と復旧作業が進められている。
2,ニュース,2023年11月、日本各地で記録的な大雨となり、河川の氾濫や土砂災害が発生しました。多くの住民が避難を余儀なくされ、交通機関にも大きな影響が出ました。緊急の支援活動が行われ、被害状況の把握と復旧作業が進められています。
3,ニュース,2023年11月、AIモデルが初めて将棋のプロ棋士に勝利し、囲碁やチェスといった他のゲームでも目覚ましい成果を上げ始めた。これはAI技術の進化と、ゲームにおける戦略理解能力の向上を示す出来事である。
4,ニュース,2023年11月、大阪府吹田市で、深夜に発生した大規模停電が市民生活を混乱させた。電力供給の停止により、多くの家や店舗が営業できず、交通機関にも影響が出た。原因は送電線のショートで、復旧作業には長時間かかり、地域住民は徐々に電気復旧へと向かった。
5,ニュース,2023年9月、東京都内で記録的な集中豪雨が発生し、河川の氾濫や土砂災害を引き起こしました。多くの住民が避難を余儀なくされ、交通網は大混乱に陥りました。重力災害として警戒が必要な状況でした。
6,医療,ある患者が、高血圧と糖尿病を合併しており、症状の悪化を防ぐため、医師が複数の薬剤を処方した。その後、定期的な検査の結果、血糖値と血圧が改善し、生活習慣の見直しも実施されたことで、健康状態が良好に回復した。
7,医療,高齢女性が、急な胸痛を訴え救急外来を受診した。心電図検査の結果、急性心筋梗塞と診断され、速やかに経皮的冠動脈インターベンション（PCI）を受けれた。適切な処置により、梗塞部位の血流を再開させ、症状は改善し、入院治療となった。
8,医療,2023年5月12日、新宿駅構内にて、鑑賞中だった女性が突然倒れた。周囲の男性が駆けつけ、救急隊員が到着し、心停止の状態だった彼女は、AEDと酸素吸入により蘇生され、病院へ搬送された。
9,医療,ある日、高齢女性が急な胸痛に襲われ、自宅で救急隊員に発見されました。心電図検査の結果、不整脈と判断され、速報で速やかに病院へ搬送されました。状態は安定しており、詳細な診察へとつなげられました。
10,医療,患者A氏は、高血圧と糖尿病を合併しており、自宅で服薬していた薬の効果が不十分であった。定期的な受診の結果、医師は生活習慣の改善と降圧剤の追加処方を行った。その後、血圧と血糖値が安定し、心血管疾患のリスクが低下した。
11,災害,2023年7月1日、広島県呉市で発生したM5.6地震が、船舶を航行させていた船員らに揺れを感じさせました。被害状況は直情の軽微でしたが、周辺地域では一部の建物に損傷が発生し、海上保安庁による迅速な対応が行われました。
12,災害,2023年8月16日に、福島県沖でM5.8の地震が発生しました。震源部は陸地近く、津波警報が出されました。各地で揺れを感じ、一部地域では停電や物資の輸送に影響が出ました。緊急車両の通行が制限され、住民は避難指示に従いました。
13,災害,2024年3月16日に、静岡県中部と神奈川県中部において記録的な大雨が発生した。河川の氾濫や土砂災害が多発し、道路冠水による交通麻痺、家屋浸水被害など甚大な被害をもたらした。多くの地域で避難指示が出され、住民生活に大きな影響を与えた。
14,災害,2023年8月15日、西日本を中心に記録的な豪雨となり、多くの地域で河川の氾濫が発生した。道路交通網が寸断され、鉄道も運転を見合わせるなど、移動手段に大きな支障が出た。避難指示区域は拡大し、住民の生活基盤が脅かされた。重度の浸水被害により、家屋や農地が冠水し、甚大な経済的損失をもたらした。
15,災害,2024年5月2日、東京都八王子市で軟弱土層崩壊が発生し、道路の一部が冠水しました。周辺住民への避難指示が出され、交通機関に影響を及ぼした事態となりました。現場では応急処置が行われ、復旧作業が進められています。
16,教育,小学生の田中さんは、初めて運動会でリレーに選ばれ、緊張しながらもチームメイトと協力して走った。スタートの合図とともに、全速力で駆け抜け、ゴールを目指した。その時、転んでしまったが、すぐに立ち上がり、仲間たちに励まされ、最後まで走りきることができた。
17,教育,小学生の図鑑コンテスト、地域文化に関する企画を選んだ。夕暮れの公園でカモフラージュ柄の野鳥を撮影し、その生態と分布について詳細にまとめた。受賞には至らなかったが、熱意と努力は報われた。
18,教育,小学校の図工の時間、先生が子どもたちに粘土で動物を作るように指示した。豚をモチーフにした生徒が、最初はうまくできず困っていたが、先生の丁寧なアドバイスと励ましを受けて、徐々に鼻や耳の形を整え始めた。最後は、満足そうに完成させた豚を持って笑顔を見せた。
19,教育,小学校の図工の時間、クラス全体で折り紙をしました。先生が丁寧に手順を教え、色とりどりの折り紙を使って平和の象徴である鳩を作りました。子供たちは集中して折り、完成した鳩を教室に飾り付けたのです。
20,教育,ある夏の日、少年は古びたラジオ塔に迷い込んだ。錆び付いたアンテナの下で、子供たちは不思議な音を聴き、夕暮れ時の空に向かって手遊びをした。静寂と異質な波の交響音が、彼らの想像力を掻き立てた。
21,AI,ある晴れた日の午後、カフェで読書していた女性が、隣の席の男性の膝に落ちたコーヒーを偶然見かけた。彼は慌てて手を洗い、優しく彼女に謝罪し、同じ種類のコーヒーをもう一杯プレゼントした。穏やかな時間が流れた。
22,AI,都内で開催された大規模イベント会場において、突発的に天候が悪化し、強風と豪雨が発生。多くの参加者が避難を余儀なくされ、会場内の設備が一部破損した。緊急車両の出動や救助活動に要力を入れ、安全確保のためイベントは中断となった。
23,AI,先日、近所の公園で迷子になった犬が保護されました。飼い主と再会し、安堵の表情を浮かべていました。その小さな命が無事に帰れたことには、地域の住民たちの迅速な行動と協力があったそうです。
24,AI,2023年5月14日、新宿駅の改札前で、一人の男性がスマートフォンを操作しながら人混みの中で待ち構えていた。彼は、着信音が鳴らない分、バッテリー残量を気にし、周囲の状況を注意深く観察していた。少しだけ空いていた場所へ移動し、再び画面に視線を戻した。
25,AI,ある晴れた日の午後、カフェで読書していた女性が、偶然目にした迷うような男性に一瞬で心を奪われた。彼は優しそうな笑顔で話しかけ、その声と視線が彼女の日常を大きく揺さぶったのだ。
26,経済,2023年5月、円安が進み、輸入物価が急騰し、家計を圧迫した。特に食料品やエネルギーの価格上昇が顕著であり、企業の生産コストも増加した。この影響は消費者物価指数に反映され、インフレ懸念が高まった。
27,経済,2023年5月、円安が進行し、輸入物価が高騰したことで、家計を中心に影響が出た。特に食料品やエネルギー価格の上昇が顕著で、消費者物価指数も上昇傾向にあった。企業業績にも悪影響を及ぼし、輸出企業の収益が悪化していた。
28,経済,2023年5月、円安が進み、輸入物価が上昇したことで、食品やエネルギーの価格が高騰し、家計を圧迫した。企業も原材料費の値上げを実施し、実質賃金は低下した。
29,経済,2023年5月に発表された日銀の金融政策決定会合において、現状の物価上昇圧力に対して、大規模な金融緩和策を維持することが決定した。これは、企業や家計への影響が懸念されたため、景気の下支えを優先する判断だったと言える。
30,経済,2023年5月の日銀金融政策決定会合において、大規模な金融緩和方針が維持され、市場に大きな影響を与えた。金利の据え置きに加え、量的緩和資産の購入規模も変更せず、経済活動を支えるための資金供給機能を強化することを目指した。
31,スポーツ,2023年8月15日、プロ野球中継の視聴者数が記録的な高を更新した。夏季甲子園優勝校同士の対戦を中心に、多くの人々がテレビを見守り、熱狂的な応援を送った結果である。
32,スポーツ,2024年5月16日、那須田誠司は富士ヒルズを雨の中完走した。序盤のペース配分に苦しみ、後半失速したが、コースレコード更新ならずという結果だった。厳しい暑さと降雨が選手のパフォーマンスに大きく影響を与えた。
33,スポーツ,2023年8月15日、プロ野球中継の視聴率が、長年の記録を更新した。侍ジャパンのワールドシリーズ制覇と、メジャーリーグでの日本人の活躍が相まって、多くの人々がテレビをつける時間が増加したと考えられる。関連広告やメディアも盛り上がりを見せた。
34,スポーツ,2023年8月15日、プロサッカーリーグJ1レギュラー戦でFC東京が川崎フロンターレを3対2と破りました。試合終盤の激しい攻防の中、東京の古橋亨梧が決勝点を挙げ、勝利を決定づけました。観客動員数は約3万8千人となり、熱狂的な応援が選手たちを後押ししました。
35,スポーツ,2023年8月15日、プロ野球の試合中継において、広島東洋カープのエースが渾身のストレートでサヨナマホームランを放ち、観客を熱狂させた。その瞬間、スタジアム全体に興奮と感動が爆発し、勝利を確信したチームメイトや監督との喜びの感情表現が見られた。
36,環境,2023年5月、東京都の新宿御苑で、記録的な猛暑が観測されました。気温は40℃近くまで上昇し、多くの観光客や市民が熱中症で救護所を利用しました。植物への影響も懸念され、水やり頻度などが調整された。
37,環境,2021年、記録的な大雨により、山間部の小川が氾濫し、周辺の農地や道路に浸水被害をもたらした。宅地後背地の整備が進む中で、河川の保全意識が低下していたことが要因の一つと考えられ、排水施設の老朽化も影響を与えた。
38,環境,2023年7月、豪州東部のシドニー湾沿岸地域で記録的な干ばつが続き、海面水位が著しく低下した。普段は賑わう港の底には大量の貝類や魚類が晒され、生態系に深刻な影響が出たと考えられる。気温上昇と降水量の減少が複合的に作用し、異常事態を引き起こした。
39,環境,2023年夏、豪雨により県内の河川が氾濫し、多くの家屋や農地を水没させた。浸水深は地域によって異なり、特に下流域では床上高止水位を超える被害が出た。避難指示が出され、住民は一時的に安全な場所に移動した。
40,環境,2023年5月、記録的な大雨により河川が氾濫し、地域住民の生活に大きな影響が出た。土砂災害警戒情報の発令や避難指示などが実施され、多くの家屋が浸水被害を受けた。重立った状況下で、自治体と住民が連携し、復旧作業を進めた。
41,日常,朝起きて、窓の外に鳥が飛び立っていくのを見た。昨日まで雨模様だったのに、空は青く晴れ渡り、日差しが優しく地面を照らしていた。風も穏やかで、木々の葉がそよそよと揺れていた。
42,日常,朝起きて窓の外に目をやると、空模様がいつもと違う色調だった。雲の配置も複雑で、まるで誰かが絵を描いているようだった。静かな住宅街には、鳥の鳴き声と自転車の音が混じっていた。
43,日常,昨日の夕暮れ、公園のベンチで老夫婦が手をつないでいた。空には茜色が広がり、静かに波打つ海を見つめていた。二人の顔には穏やかな笑みが浮かんでおり、まるで長年連れ添ったように安心感に満ちた雰囲気を漂わせていた。
44,日常,雨上がりの道を歩いていた。足元にはキラキラと水たまりが広がり、虹がかかった空の下、子供たちの歓声が聞こえてきた。ベンチに座ってアイスクリームを食べる女の子の姿も目に浮かぶ。それは、過ぎ去りし夏の一コマだった。
45,日常,雨上がりの道を歩いていた。足元はまだ濡れていて、色とりどりの傘の花が咲き乱れている。遠くには虹がかかり、子供たちが歓声を上げて走っていた。心が洗われるような、穏やかな一日だった。
46,歴史,明治維新は、幕末の動乱期に、武士階級を中心とした政治勢力が皇室を擁立し、江戸幕府を倒したことで成立した。新しい国家体制が築かれ、近代化政策が進められた。社会構造や文化にも大きな変化をもたらした。
47,歴史,明治維新は、1868年、江戸幕府が倒れ、天皇を中心とした新しい政府が成立した。武士階級による政治改革が進み、欧米列強との貿易が開かれた。社会構造や文化が大きく変化し、近代日本へと移行する契機となった。
48,歴史,明治維新後、富国強兵のため殖産興業を推進し、日本銀行の設立や官営工場の建設などが行われた。これにより、近代的な経済基盤が整備され、工業化へと向かう大きな一歩を踏み出した。
49,歴史,明治維新の際、薩摩藩を中心とする倒幕派が、江戸幕府に代わる新しい政治体制を樹立するため、武力蜂起を行い、朝廷を支援した。この結果、天皇を頂点とした明治政府が成立し、近代国家としての基礎が築かれた。
50,歴史,明治維新の際、薩摩藩を中心とする倒幕派が、朝廷に圧力をかけ、江戸幕府を打倒した。武力衝突や政治的駆け引きを経て、天皇を中心とした新しい国家体制が樹立され、近代日本の基礎が築かれた。
